times,rates,contents
2020-03-22 16:59:04,4,弱者的优势就是永远有更强烈变强的愿望。
2021-01-13 23:39:35,3,为了赢得尊重，德州的擦鞋匠从棚屋住进别墅，洛杉矶的装修工从演员变成老板。拥有了财富，却无法改变肤色；坐上了交椅，却不能拥有实权。为了真正擦去黑人饭馆上涂污的字迹，为了彻底脱去长在身上清洁工的制服，总有人愿意放弃财富，在法庭上控诉独立宣言。尊重是昂贵的东西，为此冲下悬崖亦在所不惜。
2020-03-23 13:33:50,4,震惊，复仇者们私底下其实是银行实业投资家，不及绿皮书的舒适感，但看的过瘾，不说了，美股又要熔断了，我去哭一下基金
2020-03-27 21:06:46,4,只想着赚钱，一不小心成为了革命者。做大，才有搅局的机会
2020-03-21 18:33:54,3,AppleTV+真正意义上的首部原创电影，有着一种难以想象的稳妥和保守。将一个包裹了民权运动、不平等体系和“隐藏历史”的故事用非常平铺直叙的方式还原了，也交给了两名不错的演员重新书写了这两位独属于“侠义”银行家的经历和不可磨灭的贡献。但这种感觉会让人更想直接读一篇期刊文章，而非是电影。【Nicholas眨巴着眼睛讲着金融名词和公式的样子，也太~可~爱了，有加分】
2020-03-28 17:40:41,4,黑人要是聪明起来，就没有白人什么事儿了！ 人家能买楼，能买银行！用白人的钱给黑人放贷！可把白人吓死了！
2020-03-20 19:40:30,4,尼克局长和猎鹰携手搞投资，真实事件改编，讲述两个黑人在美国五六十年代种族歧视的背景下如何冲破枷锁甚至投资银行，节奏很好故事很走心，很不错的一部新片~
2020-03-22 02:24:16,4,除了结尾处往平权戏份的过渡略显突兀之外，整体而言戏剧性很强，够有趣够好看。
2020-04-09 22:58:46,4,有点像绿皮书的姐妹篇，但比起前者的轻描淡写强得多，结尾太着急了点。
2020-03-28 01:30:22,4,虽然故事一般般，但是三位主演都太赏心悦目了！
2021-11-27 18:49:51,4,有点类似芝加哥七君子审判，只是重点没放在审判的过程，因为有历史事件打底，细节的构建更加游刃有余。在漫长的人类历史中，在政治领域取得的任何一丁点进步，都极其困难，都需要有极其优秀的人付出惨重的代价，因为那是动摇人类根本性缺陷的进步，比如盲从、歧视、愚昧、自私、冷漠。要命的是，这些特点往往是通过国家机器表现出来的，个人的胜利只能是惨胜。影片80%的节奏都非常出色，观感极佳，可惜结尾匆匆结束。局长多年来一如既往的表演方法几乎不变，可还是那么招人喜欢。有他出演的电影，看着真高兴。
2020-04-05 01:39:03,5,以为是讲bankers的故事，没想到是revolutionaries的故事
2020-05-17 16:51:25,4,首先你得数学好。
2020-03-25 23:10:25,3,故事很有戏剧性，演员表演都比较在线，也是很大看点，比较喜欢伯纳德妻子人设，还有anger、眼镜、五分钟看透人的细节设计，还有微妙的父子关系，我父亲13岁就告诉过我……。问题比较大的是收尾处理有些仓促且模糊，可以再drama一些或者格局更大一些，现在整部电影最大的缺憾是主题、格局、调性都卡在中间不上不下，蛮遗憾的。
2021-11-27 15:20:21,4,他的愤怒克制而隐忍，但他并不屈服… 我最喜欢的居然是男主的夫人，大气有力量的女性！
2021-11-30 14:19:32,4,法律和政治上每一点微小的进步，都是由孤勇者奋不顾身的冲击才换来的。
2021-02-20 16:20:50,3,戏说感太重了，感觉就像看了神盾局俩大佬跟X小战警合伙做生意失败的故事，到最后才算切入肤色平权。
2021-11-22 15:18:58,4,又一部暗合当今政治现状的好莱坞影片。虽说可能又要扣上政治正确的帽子，但非裔种群确确实实又受惠于这种正确。那些现在看来匪夷所思的一些隔离和歧视，说不准什么时候又会卷土重来。因此，常看常新，常拍不忘。
2020-03-25 21:05:32,5,"商业版的BlacKkKlansman，再次证明""With the right white people, you can do anything.""，并提供了反例。//////  少有的讲述黑人企业家的故事，想起以前接触过的一个黑人房东，也很像主角，那时的感想就是觉得电影还没捕捉到这类人，点赞Apple TV选的这个真实事件改编。 ////// 结构也很有趣，前后两部分角色戏份完成了转化，NH演的白人在第二部分成为了主要角色，戏剧弧比主角要多不少，而且还更加深刻地验证了种族歧视；这种结构在电视迷你剧中看到更多，不过刚好这也是个电视电影。"
2021-12-01 14:18:38,4,比起《绿皮书》是差不少，但看两个黑人“教导”“操控”傻白甜的时候是真能感受到爽感（《窈窕淑女》的种族版），Eunice在说服Bernard穿勤杂工衣服时说的话，真的掷地有声。
2020-03-30 16:50:33,3,7分。成也萧何败萧何。一方面，白人小伙被老婆吹枕边风后飘飘然，做出不理智的决定，以为自己能够经营好一家银行了，最后被人算计，使得两个黑人的财产打了水漂，白人小伙挺可恨的。另一方面，要不是这个白人小伙值得信赖，早期也算踏实肯干，最重要的是不管打高尔夫还是数字记忆能力都特别棒，两个黑人的财富也不可能增长得那么快。虽然都知道那个年代的美国种族问题，但他俩的所有财产被没收还是挺吃惊的。根据真人真事改编，这么聪明勤奋的黑人当年肯定是罕见的。
2020-05-17 22:34:26,4,男朋友一边看一边给我讲好多金融知识，好可爱
2020-03-23 21:56:42,3,为黑人的权益而放贷。。。
2021-11-29 18:28:49,2,比绿皮书还差点儿，我不想再看这种种族平权宣传片了。没意思。
2020-03-20 22:05:01,2,太有趣又太无聊
2021-11-21 10:29:58,4,讲真，这真的不是鼓吹让大家买房的宣传片嘛？从头到尾都是买房子，每个角色都买房子，连配角也都买房子了。其心可诛啊（狗头）哈哈哈霍尔顿又是演蠢货角色，本来就笑点密集，他的角色总让我多笑两声，总想到大帝里的彼得。情节呼应设计的工整，是用心了的，说的好听是工整，说的不好听就是套路，刻板的黑人愤怒励志故事。原型故事本身很有意思，但是这样成熟的制作显得平庸。可是，看起来是有趣的！好笑！ 有趣在鲜明的人物特色和机智台词。
2021-12-10 23:56:36,4,圈地皮，买银行，合理合法钻隔离政策空子，真金白银闹革命，可以的
2021-11-20 22:32:04,4,从故事、表演到配乐，各方面都很工整，塞缪尔·杰克逊演技放飞！
2021-11-30 23:20:14,4,黑人，屈居幕后，白人，成黑人的“傀儡”和替身。白人菜鸟跻身精英阶层，算术、打高尔夫、酌酒、就餐，样样皆从零学起，改头换面。小尼挺适合傻小子角色，没想到“傻小子”竟是智力超群的神奇小子。这一堆天文数字的算术让我学一年也学不会啊！毫无金融头脑的我即便看不懂片中的商业内容，也似乎能学到一点东西~正不胜邪的结局扼腕叹息，种族籓篱是多么无理可笑。Samuel L. Jackson演什么都像喜剧，也算是一大特色了。
2021-11-29 10:27:41,2,这么纯粹的金手指开挂爽文吗？我一度把男主角的脸错认成了魏璎珞。
2021-11-20 17:25:27,3,点映。“美国合伙人”×《绿皮书》
2021-11-29 11:37:30,2,挺无聊的。非常讨厌海报上用超英电影角色来定义主演。
2021-11-30 19:10:22,4,美国的传记片都非常朴素无华，但就是觉得好看。一个午后慵懒地躺在电影院欣赏，放松而会心一笑。尼古拉斯霍特很帅
2021-11-28 12:17:48,4,好久没见过这么仁心的银行家了(忘了看医者仁心，只有早场，应该先医再银的枯了)，有钱让人可以表演的更好对吗，真事改编片尾真人加一星吧。
2020-05-02 10:13:54,3,「Respect is a big thing. Sometimes people take big risks to chase it.」
2020-03-31 20:45:27,3,仍有人在不断的为他人的福祉而斗争。可圈可点，中规中矩。以至于分了好几次才看完。只能说不够精彩。
2021-11-26 23:56:15,3,法庭戏这么弱，好像在侮辱他的奋斗史。
2020-10-03 19:02:56,5,五星。说因为你是女人和说因为你是黑人 本质上没有什么不同 。更喜欢港版译名 逆权庄家！ps.尼克颜值还能嗑
2020-07-27 00:16:17,4,#SIFF2020#001 时隔半年重回电影院的感觉真的不要太好，在美琪大戏院里和所有的观众一起笑，一起感受三个主角的表演。看到一半会有绿皮书的cliche，某种程度上一样是“有地位有资本（power）的黑人男性教化教育程度不高的白人男性”的剧情。整体很工整，没有太大问题，唯一就是最后种族平等说教意图较为刻意。 SIFF的第一部，印象很好√
2021-11-20 18:01:19,4,三星半，发挥很稳定但总体不是特别出差的一个作品，还是得说塞缪尔·杰克逊，太自然太松弛了，演戏都化到骨子里了。
2020-03-21 16:52:21,3,前半部分还好，后半部分从创业励志片转成平权片，节奏还是有点不对头。
2021-11-21 18:02:24,3,非常工整的片，原本就想做个黑心资本家（真的不是字面意思…）结果一不小心变成了revolutionaries！到头来还是被白人坑了啊！跟《绿皮书》类似都是讲穷白人给有钱黑人打工的故事，有点看腻了这类题材，希望能看到更多底层黑人的故事。
2021-11-20 23:31:20,3,跟《绿皮书》比还是有明显差距的，整体比较中规中矩。不过三位男主因为都演过漫威电影，所以还颇有一种超级英雄再就业的戏谑感。另外，这样的电影对美国人民对黑人可能更有意义，作为外国人看这样的片子其实很难真正共情，反而会对其中的各种金融技巧更有兴趣。那种敏锐的商业嗅觉的确是我非常羡慕的，当然这也是建立在勤劳的调查和刻苦的学习之上，曾经也有过创业经历，深知做生意真的非常艰难呀～安东尼麦凯本身是制片人，塞缪尔杰克逊则是监制，作为黑人演员估计对于这样的题材会更有一种责任感吧。
2021-11-20 16:33:35,4,种族问题，人权运动倒是没有给我更多的感受，毕竟珠玉在前，但从黑人银行家来看无疑是多了一种叙事角度，从街边的擦鞋童偷师，到房地产，到收购银行，招募白人代理人，把这个企业家一生的故事倒是叙述得非常精彩。另外主角的妻子也是一大亮点，虽然之前的一些话非常超脱出当时的语境，无条件的支持丈夫，但她也是对丈夫的事业非常尽心了。
2021-11-27 22:08:49,3,平铺直叙流水账，每年定番根据真实事件/人物改编的种族平权传记，好莱坞拍此类题材都形成一套驾轻就熟的固定模板了，看猎鹰和局长教X战警如何玩转金融业。时下热门论点偶有涉及（女性视角、平权主义、种族歧视），结构工整但整体无甚出彩之处。
2021-11-21 18:16:40,4,在星空梦幻主题🤩 的放映大厅提前观赏美国影片《银行家》，堪称商业版的“绿皮书”，黑人努力争取同白人一样的地位，创造了商业奇迹，剧情跌宕起伏，老戏骨塞缪尔•杰克逊演技爆棚。
2020-07-30 19:03:46,3,#SIFF2020 NO.3#
2021-11-26 23:48:42,2,根据真人真事改编，传记片+黑人种族，明显是奔着奥斯卡去的，可惜质量太过于一般，连个提名都拿不到。对于这种传记片，我今年真是看的够够的，剧情如白开水一般毫无波澜。我也是不理解为什么时隔近两年才引进这个电影，是买其他电影赠送的？5.5分。
2021-11-25 09:41:04,4,编剧>表演>导演，标准的好莱坞工业线产品，节奏精准，好看又有趣。如果不是传记体限制故事也许会更好，但真实事件总是给我们更多鼓励和慰藉。三个主演都非常讨人喜欢，AM帅、杰克逊老练、小尼子可爱，这个三角，稳！
2021-11-18 13:47:47,2,毫无个性的好故事。
2021-11-28 17:17:31,4,7分，真实事件改编加1分
2021-12-05 10:39:31,4,非常标准的一部美国梦。该俗套的地方俗套，该煽情的地方煽情。欲望和梦想是两个同义词。佩服心算强大的人。
2021-11-30 23:48:35,4,4.5/5 很工整的传记片，种族/性别/阶级/社会问题都有体现。涉及大量数字和计算但不仅不无聊还希望再讲详细点～ 在1950s德州做一个revolutionary太燃了！
2021-01-14 15:22:20,3,终于看了这部既有吸引我的点但又让我不太感兴趣的电影：《复仇者联盟》的猎鹰+尼克·弗瑞，搭档《X战警》野兽，一起当“银行家”赚钱的故事。
2020-03-20 23:16:21,3,斧凿感是有，但比绿皮书那种纯八股文率性八千倍。在规整的起承转合之间，一股梗着脖子昂着头的精气神始终在。工装裤粗布衬衫的尼子在本片里美得我口水流下三千尺，他的颜本来太端正，穿西装反而没韵味，就是要这种蓝领行头才有那种“布衣荆钗不掩国色天香”之感。
2021-11-26 17:34:24,4,如何改写命运，改写命运的几个关键词，等等，这真的是个励志片了~
2021-11-27 04:26:23,3,《純潔心靈黑哥逐夢金融圈⭕》
2021-11-27 14:45:43,3,不够流畅...被白人犯这种低级错误 ，让两个大佬买单...太不应该了...
2021-11-26 23:44:34,3,三个主角都很可爱！
2020-03-22 17:11:59,3,卡司强大，故事好。但是这平铺直叙的叙事方式看着实在是太沉闷了。
2021-11-26 18:28:52,3,传奇的经历。
2021-11-20 21:08:07,3,一部讲述黑人在美国从事金融业的历史的电影。令我想起据说当年登月时NASA一名核心的技术人员其实是位黑人女性，她的价值也完全被隐藏了。不因肤色和性别而被歧视，这条平权之路，还有很远很远要走。影片虽然题材严肃，但竟然点缀了不少幽默，令人在紧张情节中莞尔一笑。编剧稍显平淡，结尾潦草，可能是忠实原型经历或者不想指责太多政府吧。
2021-11-26 18:55:39,3,绿皮书给四星，那这部只能给三星了
2020-07-31 02:08:05,3,siff。我以为是两个男主金手指的故事，没想到霍尔特拿了个女主剧本疯狂抢戏
2021-01-15 08:27:08,3,中规中矩。
2021-11-28 19:11:58,4,非常工整的美式创业故事，工整至“听君一席话，胜听一席话”。 上世纪50年代，两个黑人在幕后坐庄，让白人伙伴出面在市场上攻城掠地，特别的故事设定，既有点猎奇，也给故事又加上了一层厚厚的种族元素buff。 剧情的走向皆在意料之中，最后带给观众的情感冲击也自然乏力，有点像英超排名6～8的那些球队，往往是球队有战术体系，球员也有执行战术的能力，但就是出不了成绩，缺啥呢？ 同样是黑人白人“肩并肩”遭遇波折的故事，不如看看《绿皮书》是如何通过细节构建丰满人物的；同样是其利断金的创业伙伴船到中途产生分歧，不如看看《社交网络》是如何推进矛盾和转折，而不是可靠的男人被老婆吹个枕边风就成了叛徒。
2020-03-25 14:45:38,3,不功不過、中規中矩的傳記片，對真實事件和人物並沒瞭解，影片給出了非常明確的線索和情節交代，難得不煽情不做作。
2021-11-28 15:35:17,2,太刻意而做作了。
2021-12-13 20:32:02,3,中规中矩，冲奥作品
2021-11-28 16:50:17,4,既是一个金融创业故事，又是一段折射社会与法律的美国历史，虽然美国这类历史传记电影并不在少数，但每一部都有自己的意义也再次让人反思。人心难测，不要轻易相信他人，因为你永远也猜不透他为了金钱和权力会做出什么。赚钱不易，赚白人的钱更难，想在种族歧视严重的社会下行事无异如履薄冰，而想要打破制度偏见更是难上加难，但他就是那样的革命者，领路人。
2021-11-30 19:20:20,3,我不是药神
2021-11-29 19:08:43,4,看的热血沸腾。不过，从他们开始找那个白人小伙子开始计划的的时候我就在担心了，因为人性是贪婪不足的，在他从旁看到两个黑人越做越大，肯定也会产生欲望和幻想，这太正常了。所以，这个结局是注定的
2020-03-31 16:21:23,3,不温不火
2021-11-26 18:05:47,3,普通带感，好像阿毛和局长主演的花木兰以及尼子主演的My Fair Lady（笑）
2020-06-05 21:51:07,3,卡司很强大，故事很一般
2021-12-03 02:54:43,4,《银行家》值得一看。 等于是金融业务版的《天才枪手》。 有大段的对白涉及金融知识。
2021-11-26 19:00:58,3,很程式化的电影
2020-08-14 21:18:40,4,真人真事改编，剧情推进很“标准”，总的来说是个挺规整的正能量故事
2021-11-21 17:01:23,4,黑人资本家长成记，创业是真的需要艺高人胆大。btw…小时候那本本子几十年了还那么新算不算bug哈哈
2021-12-03 12:13:18,3,整体感觉比较平淡，一方面因为种族隔离、黑人歧视的历史当下看来似乎有些遥远而影片里没有用力的去强调而是把这个故事最根基的东西作为背景，就似乎那是人们已经习惯并完全可以与之和平共处的，这对这样一部题材来讲反而是种高明，男主一直不情愿穿上蓝领制服进行伪装这个小情节才能在最高潮让人陡然震撼，比司空见惯的更显性层面上的歧视现场，这种细微处让人体会起来更辛酸；另一方面，看了评论原来这个故事就是男主自主想去讲给大众的，不是被影视行业人士先相中的所以冲突性的元素并不那么多，但编剧和导演环节已经尽力去把故事的可看性提高了，也是难得的。只是不要抱着去看一场多励志或者激动人心的传记片。这也更真实。
2021-11-27 00:02:29,3,色调好看。｜6.5
2021-11-20 18:11:44,3,美国合伙人，梦碎德克萨，金融能误国，炒房可兴邦。商业谈判拍出谍战片的感觉，但是省略了很多成长的细节，一路上顺风顺水的主角像是开挂一般，几乎没有什么大的劫难，很大程度上淡化了美国种族歧视的严重与顽固(除了德州)，也忽视了故事原型所付出的超乎常人的努力。鸡汤传记片，让你微微一笑之余，就什么也没有了。
2021-12-05 23:50:38,4,疫情之后很少进电影院。黑鹰居然还是演技在线的，赞一个。
2021-11-23 18:51:53,4,用幽默的口吻调侃，励志的平权举措，描绘出一部真人真事改编的传记类影片。 12.21二刷
2021-12-02 20:36:35,3,三星半。数学的部分没看懂，趣味性（或者说爽感）也不强，胜在根据现实故事改编及其现实意义，女主戏份虽然不多但角色挺丰满的（虽然我觉得庭上那段“控诉”不够震撼）。
2020-05-23 15:27:46,4,2020.05.23 还是不错的。
2021-03-01 03:37:35,3,勉强及格。俩黑人在60年代用白人影武者经营银行。在黑人权益片里算做的不错的，只是在开场直接、明晰的交代德州的歧视传统，之后猎鹰控诉制度的戏码更多是他性格中愤怒的一个侧面，类似的还有猎鹰不肯装成司机（这点还制造了喜剧效果）——对了，这片子写人也是到位的，富二代杰克逊的玩世不恭，猎鹰老婆作为黑人&女人的那种被双重压抑的不甘，白人合伙人的虚荣与小聪明，这些人首先是可信的普通人，他们内部之间也有暗涌的矛盾，不是装成白莲花的一味控诉外部环境。剧情捎带普及了些金融业基本知识，普通人可能也用得上。白人替身去收购大楼那场戏，拍出了特工题材的趣味。配乐韵律舒服。当然剧本也有明显缺漏，银行大楼业主为啥要把大楼卖给他们，其实并没理由，杰克逊莫名其妙被猎鹰拖累光了家产也没埋怨他——电影里看不出他俩铁到这个程度了
2021-12-06 10:31:15,3,看过的黑人种族片里黑人形象最sassy的，区别于天天gangster、大金链子小毒品的有钱黑人的刻板印象，这里的有钱negro很decent精英中产范儿，猎鹰也是hot过分。局长这片里又胖回来了……片子题材不错，就是拍得流水账了一点，前半截比后半截好，黑人老婆真的是strong af。尼子的角色其实蛮有意思的，但没演出来，演技还是差了点。
2021-12-08 17:00:40,3,成也金发妹，败也金发妹
2021-11-27 14:04:04,4,BLM的大富翁！
2021-11-28 22:54:50,3,浮华与纪实的平衡选择了前者，却不温不火。
2020-03-26 17:38:46,4,黑人从前真的是，饱受苦难。
2021-11-27 18:51:19,3,看头知尾的批判不公拥抱美国梦的主旋律电影，放在风起云涌的60年代，捎带提了一下女性黑人的困境，执行得不功不过。虽然男主是事件的主要驱动者，但戏份平均分散在三个人身上，其实应该加个复数bankers比较好。三个天才新手赢在黑人客户带来的商机，输在不具备白人上层圈子的人脉。三人个性带来的冲突比那些商业冒险段落更好看。
2021-11-27 23:09:07,4,最有眼光的是他老婆和合伙人，本人高光是最后监证会上的几句话，终于把心里的愤怒表现出来了，本剧没有坏人，有的只是制度的对抗，略微有点平淡，也许因为到了改革后期，没有太激烈的冲突，显得有点 力道不足。
2021-12-03 16:11:17,4,黑人一旦聪明起来，便让人刮目相看！
2021-11-30 17:14:21,3,电影看完了，我只有一种感受。美国人民需要一次深入灵魂的新民主主义革命，和翻天覆地的土地改革。至于一切涉及种族与性别的身份政治都是资产阶级包藏祸心的温情脉脉的分化。
2021-11-26 12:40:02,3,今年第三部我提前离开电影院的电影…
2020-08-25 21:40:21,3,中规中矩
2021-12-06 00:04:37,3,就有点太工整了
2020-07-03 09:31:12,4,黑人教导白人过上层社会的生活方式，甚至还教他数学和做生意，确实很颠覆。但不管怎么说，生活在美国的黑人，再怎么荣光加身腰缠万贯，也要扮成白人的佣人才能去跟白人做生意，而最后被搞到“不能呼吸”。尽管没有《绿皮书》那么考究的细节处理，只是平铺直述的桥段罗列，也足够道出那段黑暗龌龊的历史。7.1
2021-12-06 00:04:37,3,就有点太工整了
2021-07-02 23:29:57,4,我也想有人免费教我高尔夫、餐桌礼仪、洋酒文化、数学运算，免费带我去裁缝那儿定制西装、在人面前装X，我保证我不会被无脑美色欺骗为了自己私心自大到去相信敌人律师。
2020-08-11 11:50:48,3,故事本身不错，演员演得也很好，但就是太工整太安全了，以至于有点无聊。
2021-12-01 16:17:15,3,完全的主旋律
2021-01-12 16:16:36,3,走一个政治正确呗
2021-11-27 16:41:51,4,呃还可以而且还算给我科普了蛮多银行知识。彻底让我明白了原来我国银行与他们银行之间存在的超大差别。///白人总是帮白人，黑人总是帮黑人，美国人不帮美国人
2021-11-20 17:06:42,4,其实拍摄手法还是很典型的起承转合【可能配角们比某主角出彩】
2021-11-23 00:32:36,4,Anthony Mackie演啥角色都有点憨憨的，倒是和原型的面相神似；妈惹法克侠少见的文明礼貌，不过若是Laurence Fishburne来演是不是更贴合原型……7.2/10 1080P 21/11/22
2020-05-14 20:16:15,3,26 一部优秀的蒙太奇片，传统但是有用。跳过了一些蒙太奇段落也不影响。。
2020-06-14 09:45:20,4,三星半 故事是挺好的 但中规中矩趋于平淡了
2021-11-27 23:43:26,3,看完了 感觉自己不是赚钱的料 好好的一个偏传记的剧情片 反观国内正火的导演类节目吵来吵去并不在一个维度里吵还真是矫情 片尾原型长得甚至比演员还要憨憨的太可爱了哈
2021-11-27 21:06:02,4,真实事件改编，真好看，虽然结尾有点难过，而平权路漫漫，但他们真的很厉害了。
2021-11-26 18:04:47,3,看他讲银行知识的时候谁梦回《证券投资学》和《财务管理学》了、、什么年金现值、回报率、、、、结构太工整了，结尾略显仓促。
2021-11-27 23:43:39,3,3.5
2021-02-21 19:49:45,4,工整流畅
2020-03-27 22:39:14,4,题材喜欢，生怕错过一个情节！
2021-02-08 05:17:58,3,剧情推进四平八稳但也不难看，结尾没什么惊喜毕竟受限于真实事件。
2020-07-28 11:17:36,4,拍的时候肯定没想到今年美国混战大爆发，然而正因为如此从而变得分外应景。虽然很眼熟然而看的时候我一直脑袋里是威尔史密斯 233333，非常愉悦感人的观影体验，2020上海国际电影节真是场场开心，幸福感爆棚
2021-09-03 11:08:01,4,好莱坞在这种传记类电影上还是有一套的
2021-02-10 10:25:26,5,结合最近很红的CH的一些感受，中国青年急不可耐地想要输出想要沟通。其实这个社会就是有限制，不管他发展到哪个阶段，在哪个国家。很多时候从自我的小梦想开始，能成为革命家都是需要时机和运气。然后在时代或者时机的推进下，他有一个机会在革命的分叉口，他选择了说出他的言论，这才是有效的。
2021-12-19 20:22:08,4,男主老婆为什么看中男主这么多年信任爱戴、不离不弃？被枕边人摆了一道却还是要在他跌落谷底的时候继续义无反顾地支持他、跟随他，男主何德何能能娶到如此委曲求全、自我牺牲的贤惠老婆？所谓的歧视，其实是小团体主义，为了争夺社会资源的见不得人的战争，越穷越歧视（犯罪）。
2021-11-21 21:26:34,3,1、借由金融行业的种族限制放大到时代大环境下讲种族歧视，切入角度新颖，叙事节奏四平八稳；2、假白人之手破坏白人规则，颇有黑色幽默，过程不乏笑点；3、略微遗憾的最后小白的反水，即使有身不由己的无奈，也还是导向影片对黑白种人的书写上仅限于合作关系，黑人还是只和黑人建立深厚友谊。
2021-11-26 21:03:57,3,真实事件改编，《银行家》始于两个黑人资本家在上世纪美国种族歧视的大环境下无奈扶持普通白人联合创业，这是一个本有着鲜明题材，张力十足的故事，但遗憾的是电影却将这样一段反种族歧视的传奇，在流水账般的叙事下拍成了一部平淡无奇的命题作文。
2021-04-26 22:05:31,3,真人真事，中规中矩
2021-11-26 18:34:06,3,非合家欢的反派大获全胜的黑人励志片
2021-12-07 20:13:05,3,仨主角都要用动漫改编科幻类大卖电影来宣传？外国人脸盲症间歇发作觉得眼熟想了想是黑豹么然后查了是猎鹰……3.8星吧，本来不困看睡了几次所以不给4星了。面对那个时候的种族歧视，现在的“政治正确”过犹不及也不好轻易说了，社会的进步需要很多人与事推动。其实，在我们这些看美国片儿长大的影迷来说，心里何尝不是也有个“美国梦”呢？真实历史改编一定有它独有的力量，但整个电影太赶，成功哪有那么容易，像演戏一样排练彩排一下就轻松成功。片尾真实人物形象一出来，感叹还是演员演得有气场啊！安贞UME1号厅17:30场。10人左右，秩序不错。
2021-12-12 22:35:37,4,改变观念要比计算投资回报率难得多
2021-12-01 10:01:25,3,听证会发言无力量可言 结局也太轻巧了..
2021-12-01 18:45:56,m,主题胜了
2021-11-30 10:53:49,3,商战的外衣 种族歧视的内核 看之前就有预料 应该和今年另一部蜂鸟计划差不多 可看性不高 看完后感觉略好于蜂鸟计划 但整体还是比较无趣
2021-11-28 02:54:56,4,剧本真扎实，就是故事推进，Jack的表演真是到位，一个侧面，几秒钟，就把情绪都表达出来了，愤怒、惋惜、无奈、感慨，都有了，好电影
2021-08-16 02:58:23,4,麥凱在裡面可真帥啊
2021-12-01 16:53:56,4,其实主题还是黑白人受到不公平的对待。作为传记片，没有太严肃也没有太轻佻，正好是一个比较舒适的位置。两个黑人男主也是漫威电影的演员，所以我觉得还是很有看头的。
2021-01-06 13:08:18,3,我就从没见安东尼·麦凯笑过，天天拉着一张脸不难受吗？6
2020-05-03 02:57:27,4,通过两位炒房客下乡搅局民营银行的视觉，由沉稳的叙事铺开时代之殇，看似黑白平权前路漫漫的设定中，还暗藏了男女平权的更加艰难。然而，更深层次的社会问题，被面瘫猎鹰和逗趣局长的本色出演道破天机——搞金融，要看脸。
2021-11-28 21:32:46,3,中规中矩爽剧模式，窈窕淑男养成记
2020-03-23 01:41:20,4,3.5，真实改编总有一定魔力
2021-11-27 22:56:19,4,3.5🌟剧作工整传统，挑不出大毛病但也不够出彩。
2021-11-22 22:52:12,4,就挺好莱坞的。 淘秀008@沃美世界城
2020-03-29 01:11:07,4,最喜欢男女平权那一小段
2021-11-26 15:51:47,5,要是国内也能拍出这种优秀的电影就好了。
2021-12-04 19:42:45,4,没有什么特别好的点，也没有什么特别不好的点…卡司不错，故事有点催人入睡，有一些point过于不合理，用到的金融知识也有点简单，但是在没啥电影能看的现在，还是打个四星
2021-11-26 18:58:48,3,整体有点分裂，前期节奏过于欢快，后期直转急下，最大的问题在于这个剧本的转折点和冲突点都放在了尼子的角色上，而不是主人公本身，所以无论讲述了什么都很难打动人。
2020-04-10 00:10:37,3,平行世界的猎鹰局长野兽
2021-11-28 17:08:54,2,2.5
2021-11-26 21:34:09,4,能在现在的电影院里看到这样纯粹且引人入胜的故事片，我感到很愉悦，两小时一下就过了，意犹未尽。这令我想起小时候在电影院度过的一些美妙时刻...
2021-12-04 20:49:09,4,2021.12.4 工人文化宫 很工整很有趣，看到那些算数，想起了考财务管理暗无天日的那些时候，脑子里出现了那些密密麻麻的公式，每个计算器还真算不了那么快，真的得相当有天赋且刻苦。剧情紧凑、算是最近院线里还比较能看的吧。不过是一场白人对黑人财富的瓜分。
2021-06-23 22:41:35,3,平权这么多年，其实还没有真正的完全消除歧视。
2021-10-17 22:57:12,4,对于真实人物真实事件的电影，总会动容，像是英雄真的有，真爱真的在，公平正在发生，美确实在盛放。
2021-12-14 18:12:19,3,金融版《绿皮书》。生意蒸蒸日上和代理白人一步步成长那几段的剪辑太过瘾了，前面剧本扎实，但是结局仓促。
2021-12-01 21:01:33,4,很有魅力的种族问题题材作品，不逊色于绿皮书，结合了天才的黑人神童、慧眼独具的老板黑人、拥有表演天赋的速记白人这个神奇组合，创造了新的美国梦，可惜，造化弄人，胜利往往会冲昏头脑。三位男主都颜值在线，为什么女配又老又丑？
2021-11-30 23:57:22,3,复联帮与X战警组对 结局强行上升种族歧视  尼古拉斯又演了一个傻白甜的角色
2020-12-24 13:14:28,1,电影没有雄心成为华尔街之狼，强行加入的种种政治正确更多被赋予了对应（种族、性别）平权的当代意义
2021-12-11 21:25:16,4,看得很过瘾。小人物大梦想。
2021-12-02 20:35:27,4,证明黑人也是人，也可以站着把钱挣了
2021-11-21 01:04:14,4,211120，荔枝蓝海14:30这是个猎鹰打小励志推翻阶级壁垒，与妈惹法克侠合伙，以野兽哥作为代理人的形式，想要绕开对有色人种的歧视，gan他几票，挣白人的钱帮黑人兄弟致富，最终依然败给了时代的故事。故事很风趣，人物设定都很妙。
2021-11-26 18:34:42,3,女权+种族缝合特色资本主义电影。 只是真正解决这些问题的办法是Black Panther。 sj演技还是比am老成太多啊。
2020-05-10 17:48:51,4,根据真实事件改编而成的电影，但是拍成电影会更具有可看性，节奏啊剧情啊之类的都不错。美国的黑人种族歧视即使是现在也是存在的，只不过没有那个时代那么夸张那么在明面上而已。万恶的资本主义是多么的可怕啊，竟然还可以允许买卖银行！哈哈哈，事实证明发家还是得靠买卖楼房，这在哪里都是一样的。买卖楼房就得有银行放贷，银行家应运而生。。两位黑人演员演的不错
2021-11-26 15:04:43,3,政治正确大浪潮席卷欧美各国之后的又一篇悔过书，拍的太正了，正的不能再正。
2021-11-20 20:05:13,4,黑人不服自己的命运，在种族歧视盛行的时代打入银行业的真人改编励志故事，历史真的改写了。老老实实拍电影值得尊敬
2021-01-16 10:55:57,3,想起上世纪八、九十年代国内很多企业请老外来撑门面，那是因为崇洋媚外，米国则是因种族歧视，黑人雇佣白人来当CEO。当年不是“黑命贵”，而是“黑命贱”，每个社会都有其难以解决的、要命的问题。
2021-12-06 23:54:09,4,万象天地
2021-11-28 15:22:33,3,正如片中躺在沙发上自嘲的菊长说的，在拍Hustle吗？前半程的养成戏码好玩是好玩，可未免比重和成分有点不对头，让整个片有种娱乐化的感觉先入为主，后面严肃起来了，但总觉得剧本写得哆哆嗦嗦、谨小慎微，黑人白人监管部门米国珍府等等哪一方都不敢得罪，哪一立场都不敢坚定地站好，最后还特意“洗白”马特笑出声来，既然建立在真实事件基础上，那就要在真实之上好好下苦工，别又想玩侠盗又想摆严肃正经脸，两边摇晃容易两边都不讨好；不过感谢影城让我看到了一个梦境般的场景：空荡荡的一号厅，只有一个男生坐着在看书
2021-11-27 12:17:29,3,结果不是银行家，就类型来说换汤没换药，不够轻盈也不够郑重，倒是太一本正经。就乏善可陈了。
2021-11-29 10:13:55,3,前半段不错，后半程垮得太快，剧作上不给力，基本是个套路。还是人物不够深入
2021-12-05 20:56:21,2,不了解那个年代黑人境遇有多惨的人，看到这个片子只会纳闷，因为这里面黑人个个生活水平都比白人高2333333，整个就是黑人版《广告狂人》
2020-11-19 08:45:47,m,真实事件改编，他俩因为贷款给黑人，被陷害入狱https://www.bilibili.com/video/BV1Sz4y197Mu
2020-04-26 21:04:29,4,给人一次充满品质感的观赏体验。
2020-12-25 10:58:07,3,昨晚看了一小段， 塞缪尔·杰克逊 贡献了好多经典的银幕角色，仍然不显老，要知道他和我妈是一年的。看完了，结局太仓促了，篇幅不够，可以拍成美剧嘛。
2021-11-27 17:39:29,3,完整但缺乏亮点，总体节奏上处理得还算不错，前面是白手起家的励志故事，后半部分则是黑人平权的种族议题，“超级英雄”即使变成凡人都依然为实现美国梦而努力，非常政治正确。7.2
2021-11-29 14:33:25,4,工整又有点热血的传记故事。美国人的美国梦真唬人。
2021-11-22 16:10:29,3,用白人存的钱放贷给黑人，银行家扛起平权大旗成为革命者。妮子蠢得让人窒息，但我还是选择原谅他。
2020-03-31 19:39:12,4,投资真的需要胆大心细，不熟悉的外行只觉钱生钱的神奇，平权抗争年代的真实事件改编，一点也不平庸的二小时故事
2020-09-29 00:07:13,4,不破不立
2021-11-28 20:30:41,3,过于工整套路平淡如图碎片ppt。人物不够深，剪得太快了，简直就像好莱坞模版快速产出的快餐品😂
2021-11-27 10:41:11,3,3.5星，电影一般，但背后的真实故事相当厉害。
2021-12-01 20:45:08,2,有点无聊......
2021-11-26 19:00:57,3,节奏太慢，人物刻画太简单。我以为是看低配版《社交网络》or《芝加哥七君子》，结果是看低配版《绿皮书》。
2021-11-26 18:57:59,3,非常稳定的电影，故事朝着既定方向四平八稳的展开。分别节选童年，开始，成功，冲突，失败，格外规整，像是直接复制的一样。这样的电影显然不能说难看，但就是刚刚及格的纪录片。(ps:花了太多的时间解释金融知识，以现在的电影分幕没什么必要)
2021-11-28 16:56:53,4,-我想买栋房子，纽约银行大厦。黑人做生意发迹后，真没白人什么事了～
2020-11-30 22:22:24,3,也只有已经光明了，或者越来越光明了，才不怕把黑历史翻出来讲。没错内涵的就是那谁。尼子太好看了。猎鹰与冬兵啥时候上？？
2021-11-27 12:12:09,3,网飞近年来拍了一堆zzzq的片，这不也不例外，依然是种族问题，套了一个美国梦的外壳
2021-11-27 14:40:25,4,绿皮书的感觉
2021-11-26 21:41:01,4,拍的不错，演的也不错，就是看着比较费脑子，对那些银行方面的金融知识不了解，所以看的时候脑子有点跟不上。
2021-11-20 18:57:36,3,《蜂鸟计划》一样的理想者碰壁故事。有色人种进行revolution的调节变量是阶级变化。六十年代背景中不可或缺的元素还有冷战和女权运动。
2020-04-06 13:16:50,3,聪明的人赚钱就是很厉害，但是有良知的人可能要付出更多，whatever，结局是好的就行了。
2020-04-16 01:50:04,5,对于国家文化的接受度，是影响观看现实+历史题材重要因素。比如韩国有此类的《熔炉》《辩护人》《素媛》等等我的打分不会超过两星，每个国家都有劣根性，而韩国人的劣根性是我不能忍的，那就是假，因为他们的很多东西来自于我国，比如文字，我猜测韩国官方的历史教学是客观的，从而让韩国国民没有了基本的荣誉感，也就导致了经常有韩国人抢走中国文化的新闻，实在是假。从本片看出美国种族歧视很严重，人权自由只在白人存在，而黑人毫无人权，这和我们的人权相比也是差的太远的。虽然美国有不断完善的法律，但是在没有完善之前呢，这么长时间存在的荒唐现象呢，别以为不关黄种人事，现在比黑人还惨。
2021-12-10 13:23:25,4,不是应该叫房地产家么
2021-11-30 13:21:05,3,叙事流水账，表演平平无奇。最后的审判取材，其实可以继续从社会局势角度去纵深。影片真实的立意隐藏在“就因为我是个女人吗？”生理性别和肤色种族，都不是划分不同人群的要因。歧视源于刻板印象，刻板印象源于社会对人的异化。一切平权运动，或许在当下的诉求只是削弱既得利益者的特权，以此匀出更多权益给受歧视的人群，但终有一天会上升到反抗资本和权利支配下社会构筑出来的对立角色。
2021-11-21 17:14:56,4,养成、伪装、谈判、败露戏表演挺精彩，影像中规中矩，音乐入味，庭上收束很急可能实际也只能如此。 你有愤怒，却不显现。看起来很跌宕且愉悦的一部片子。
2021-11-27 22:55:38,3,工整，而“有色”。一部合格且流畅的有色人种主角的电影应该具备的要素，它都具备无遗，包括最后的政治正确高潮戏，但也没有更多的了。 结尾算是反了一把高潮但也没有完全反高潮。不属于群体胜利但却属于个人的胜利。 以及，前后呈现出的风格略割裂，开头像要重点凸显主角特别的黑人传记片（那句“你这黑小子是在偷听白人做生意吗”的台词刻意到让我目瞪口呆）然后成年的戏份像描写金融商战的商业片，最后半小时像是终于想起来自己的使命于是成了描写黑人社会运动的片子这个感觉。 配乐，节奏，表演，戏剧框架是都很工整了，然后呢？ 2020年7月曾在上海电影节因为前几天连续看片看嗨了，于是临时买了这片子的票，结果当天早上一头睡过了，100块报废。看完公映更觉得，果然什么事都不能太上头太嗨。not worthy.
2021-11-26 18:03:44,4,总体而言还是好看的电影 但结尾真的结得太太太草率了
2021-11-28 08:56:26,4,很久没进影院，很久没看电影。久违的西方电影情节，中规中矩。阵容强大，主配角很多脸都似曾相识。白人小伙儿太帅了呀，原来是演《皮囊》的。
2020-05-01 16:48:13,3,Hidden Figures + The Founder + BlacKkKlansman，平权主题爽文风商业传记，不过高潮危机终于不再是纸老虎，以及结局也不是传统意义上的烂俗胜利happy ending，除了收尾稍嫌仓促以外，基本没什么太大毛病。感觉俩黑人男主前半段像是霍尔特的洪七公与欧阳锋，后半段则几乎变成了扫地僧hhh
2021-01-07 22:05:38,4,个人在时代面前如此不堪一击，尽管你智力超群，勇气过人。事业合伙人选择不慎容易导致致命的灾难。三个演员的表演确实很出色，特别是塞缪尔杰克逊，挥洒自如。          话说现在“黑命贵”又从一个极端转移到另一个极端。恐怖！
2021-12-11 04:58:25,4,拍的行云流水，两个黑人选角真不错
2021-04-06 12:13:52,4,权利都是头破血流争取来的。如果这件事容易，早就有其他人做了。
2021-11-21 12:27:24,4,之前看有宣传说是创业版的绿皮书，只能说在不了解美国历史的我看来有相似的时代背景和故事主题，但大体上细节上都不同。 前半部是生意，后半部讲政治，本质上是在一次又一次的揭示社会各个方面的种族歧视。没有介绍伯纳德的资本原始积累过程（实际上是保洁服务公司），而是花了35分钟讲和白人合作创业但因合伙人去世其老婆毁约而失败，如果节奏快点感觉能好一些…中段跟乔合作培养白人代言人去收购银行大楼地产业务迅速扩张，二十多分钟色彩明快节奏紧凑看起来很爽；下半部一个小时重头戏，回德州收购银行被改编得抓马了一些，仅有的代理人Matt似乎太蠢太想在老婆面前表现成功的姿态，完全被玩弄于股掌之间… 全片镜头基本上集中在人物身上，很多半身甚至面部特写，一刷坐第四排很累，二刷坐第八排基本跟人脸等高能直视双眼要舒服很多…高亮适配
2021-12-16 22:21:28,3,全片差强人意，严重蛇尾。背景故事，演员阵容本足以支撑一部更优秀的作品。我们喜欢看电影中出现的黑人不是穿潮牌的街头混混，就是西装革履的行业精英，恐怕这也是刻板印象咯。
2021-12-13 18:59:04,3,还是比较有惊喜的真实故事，但拍得太工整，缺乏激情与力量。
2020-05-21 09:32:07,4,给四星原因一些剧情太快没有看得很明白，复杂的购买过程应该要再简化一点让观众更加容易消化
2020-07-26 12:37:55,4,前后很严肃，甚至悲哀，中间哈哈哈哈哈哈哈哈。【我大概太久没看大屏幕了，居然看哭😩】2020.7.26@美琪大戏院
2021-12-04 22:36:03,4,三星半，演员太fancy～w做个梦，要是我的177套房产被吞了，会吐血（可能我没有这个能力东山再起吧，但他们可以！）
2021-12-05 23:38:10,3,中规中矩的纪录片，作为全片最高潮部分的听证会情绪没骟上去，有点垮。有些台词挺刻意的。但还是比绿皮书好。塞谬尔杰克逊好酷哦，安东尼麦凯真是被漫威浪费了颜值和演技
2021-11-20 20:44:08,4,严肃枯燥的题材拍得还是挺生动，人物都塑造不错（杰克逊魔性笑声挺适合这个人物，男主妻子最后怼男主的一席话瞬间把格局又深刻了一个档次），可惜以前政治经济学和代数都没学好，对很多金融知识理解还是有难度。
2021-11-27 16:08:53,5,故事一般般，但是非常的真实，演技也非常好
2021-12-07 08:23:16,3,在国内电影院难得看到一部正常的电影，太难。此片类似《沙利机长》，在历史上选择了“一件小事”去拍，（近年来流行的找剧本方法，原创优秀剧本太少），所以全片内容传奇性考验导演水准，拍得好就是《斯隆女士》等。故认为此片总体还是较平淡。
2020-03-26 14:21:31,3,y一般般。看了一半弃了。无聊
2021-11-28 21:33:30,3,银行狗真的看哭了…
2021-12-06 21:39:53,4,原以为会有个很大的反转，至少主角团会实现逆袭，没想到没有……残酷的生活，太真实了吧！
2020-07-27 22:25:52,3,片子拍的太稳，既有剧情上的平淡，也有价值观上的保守。但是一个金融题材，剧情冲突又不明显的电影，拍的一点都不乏味，其实也说明这部电影各方面都不差，只是没有亮点。
2021-11-21 17:55:34,3,可能是刚看完华尔街的原因，我真的觉得，所谓维权先得在你有钱的基础上再谈。当然我依旧很欣赏他们愿意付出很多来为同类争取更多这样的事情。
2020-10-12 21:24:15,3,三星半。商戰版《卧底天王》，前大半張馳有度，只是壓軸收筆過急，稍為削弱應有張力。
2021-11-27 15:13:03,3,很有可看性。即使故事情节不会让你意外
2021-11-30 16:26:01,3,非常正确，标准答案。21世纪了，歧视仍然存在，平权道阻且长。
2020-04-02 21:01:30,3,在完全沦为平权片之前电影都是蛮好看的，前半部分的地产创业还有的看头，而后就急转直下，平权内容拍的过于保守和过于表面，文本前后的内容也被严重的割裂，最后都是靠三位主演硬撑着演下去……btw，塞缪尔·杰克逊真的满脸都是戏，hahah~
2021-12-09 19:06:31,4,价值观、政治正确、种族歧视很多方面都说明问题，且是真人真事改编，电影也特别好看！但我想说的是，我们引进了这部影片，说明资本主义路线有时候是必须要被认可的，而打压或者搞阶级是不正确的！
2020-06-14 20:18:38,2,在种族和银行两个主题之间，都没有太大的高潮起伏
2020-07-21 13:20:49,3,非常无聊
2021-12-13 19:04:38,3,剧情弱场面小，平铺直叙，不好看！但对种族歧视问题的揭露的震撼性不压于《绿皮书》…
2021-12-11 16:32:34,4,好莱坞传统模的叙事，剧本扎实工整。
2021-04-20 14:35:15,4,Hoult被填鸭式灌数学那段太逗了，结局算是HE吧。
2021-02-10 20:55:57,4,非常规矩的叙事顺序方式。一个黑色美国梦。
2021-11-20 22:18:22,4,金融方面没有太故弄玄虚 种族问题方面也没有渲染得特别苦大仇深 非常流畅地用两小时讲了一个勇者的励志冒险 其中还穿插了一点养成系故事
2021-12-06 22:39:20,3,三星半～
2021-11-20 23:06:48,3,他们是受到种族歧视的黑人，但也是歧视底层劳动者的资本家……作为观众，情绪找不到支撑点。
2021-11-30 20:11:23,4,7分如果讲推广黑人民权，女性主义，擦鞋工翻身，都不够精彩，略微平铺直叙但是在收购银行时候的来回攻坚对话，会成为金融投资者所喜好的桥段
2021-11-28 00:45:07,4,炒房兴邦，实干误国……
2021-11-27 17:55:24,4,个体要对抗体制确实太难了，塞缪尔杰克逊这个人物有点顶，超级富豪陪着玩了把大的，最终输光底裤。美国黑人抗争历史算起来也有两百多年了，即使如今也只是稍稍拉近了些种族歧视的距离，而相比黑人来说，被细分法案割裂成众多种群的黄种人，会有团结起来对抗美国种族的那一天吗？
2021-12-09 23:26:40,4,成功的门道说起来也不复杂：千年难逢好机遇+自己的本事，缺一不可。 当然，遇到千亿分之一的天生帝王命公主命，郭敬明韩雪暮光女那类人物，可以不需要自己有本事，这辈子随便造也不会败~
2021-12-18 22:41:55,3,开始以为是传统励志剧本，黑人在白人世界里闯出我天地。白人小子的加入改变了架构，朝种族和谐方向走。剧本光有各种想法而缺乏驾驭能力，说到金融系统的桥段过于抽象。感觉就是一会哈哈哈数钱，一会哭唧唧被告，观众无法代入剧中。结尾回归“正义之声”又太脱离现实。
2021-11-29 20:45:45,3,作为事实改编电影缺少历史的厚重和严肃，作为娱乐片又平铺直叙缺少娱乐性，乏善可陈。
2021-11-27 21:00:11,3,整体有点平，次贷危机不会就是这么搞出来的吧
2020-06-24 13:52:02,3,经济是消除偏见的最好方式！
2021-11-28 19:41:09,4,中规中矩，镜头倒是很不错。
2020-03-23 00:27:21,4,格局and the anger
2021-12-02 13:43:51,3,兰馨·悦立方杜比影城 1号厅
2021-12-16 12:48:27,3,3. 不功不过，属于可以打发时间还有那么一点社会启示的典型好莱坞流水线传记片，三位主角选得都还是不错的。
2020-08-26 22:46:41,3,有点太美化资本家，资本家从来就没有一个人是单纯的。 套用当下最火爆的社运口号就是黑人的钱也是钱。
2020-03-25 23:14:44,3,2.5/5 略平淡 过于中规中矩
2021-11-28 21:06:45,2,太粗浅的政治喊话片，流水账电影，ppt电影，其手法老旧程度从结尾就可见一斑：一定要让安东尼麦凯义正辞严地来一番演说with特写+仰拍，就好像他是美队一样。
2021-11-28 21:20:23,5,金融界的绿皮书
2021-12-01 12:59:52,2,剧情单调，鸡汤味儿浓。为了迎合black潮流，大可不必
2021-12-09 22:21:20,m,节奏很快，可以看看
2021-11-20 18:14:03,4,本想搞搞房产赚赚钱，不小心还玩了个革命，聪明的野心还真压不住。“尊重” 与 “聪明” 在人类社会上能不能持续平衡？
2021-12-01 22:12:19,3,这部电影的文本意义在美国上映时更有生成性，其核心多少有点无趣，当男主角连用了三个“美国梦”来为自己辩护，当女主角一边充当先知一边无可避免地沦为花瓶和拉拉队员，当白人代理人出现了一个陈旧的“祸水”妻子的时候，我脑中都会浮现出只有三名男性被标记出来的电影海报，尽管电影本身借女主角之口批评了这一现象。演员表演非常抓人，正装安东尼分分钟在散发性感毒素，但这都盖不住片尾照片显示女主角其实不是黑人时给我造成叙事上被改头换面的强烈不信任感。
2021-11-28 21:51:47,3,看这片是好奇银行家是做什么的。看了影评才知道一堆利率是怎么算的。。。。。。。。
2021-12-07 16:21:27,4,两个黑人以一个白人为替身，收购银行，为黑人放贷，给他们实现梦想的机会。但是他们被人陷害，以及替身犯了一些错误，卷入官司。为抗争歧视，争取平权，他们宁愿放弃财富和坐牢，也要在庭审上向人们说出黑人受到的不公待遇，最终促进了种族隔离制度的变革。努力打拼，帮助弱者，并且有舍生取义精神的人，一定会是在历史上值得被铭记的。
2021-11-30 17:16:48,4,安东尼真帅
2021-12-01 13:48:22,4,过程很超人，结局一秒打回现实。可爱的世界就是这样，别做愤青，别做梦，努力做强人就好
2021-12-01 18:39:25,4,挺好的故事，改编自真事儿却足够理想主义，仨演员都演的太好了，就是结尾部分差点儿意思，有点儿平铺直叙了，可能现实就是这样不够drama却显得更加drama吧
2021-12-07 10:07:20,4,钱生钱什么的最美了，好了我知道这并不是电影的主旨。
2021-12-05 09:25:53,m,确实很喜欢这种插科打诨的大议题喜剧。白人Mat被安排在一个花瓶的位置，长得好看，然而自始至终都很“蠢”。明显在回到德州前后男主和Joe完成了一次互换。之前，明显是Joe更喜欢在种族视角去谈论问题，而回到德州后，改成了男主更爱这么干，Joe觉得用白人的方式去赚钱更重要。Mat、Joe、男主他们最开始都是一个边缘性的男性身份。单用种族视角去看这部片子确实是不行的。
2020-05-13 12:44:20,3,最近美国对黑皮肤的好感增加了啊
2021-11-26 23:25:26,3,节奏像传记(果然是传记
2021-11-27 23:39:14,3,非常稳扎稳打无功无过（褒义）的作品
2020-03-29 17:54:48,4,万恶的美利坚，只有尼子是甜的
2021-11-29 10:02:06,3,金融地产版的绿皮书。前三分之二都不错，最后一幕有点泄气。不过尼子还是好帅哦！以及Black don’t crack是真的
2020-03-22 00:19:54,3,想出人头地还得靠买买买，幕后黑脑沦为地下老板，真不容易。★★★/6.9
2021-11-26 18:54:02,3,绿皮书讲的是宽容和妥协，银行家讲的是奋斗，但是不论他们的行为如何让人钦佩，都改变不了他们是钻法律的漏洞的事实，这电影，格局小了
2021-11-29 00:01:31,3,爵士乐配乐加分
2021-05-23 16:59:59,4,有些人脑子的回路很神奇：大张旗鼓指出问题就等于解决问题。不大张旗鼓地挑明问题就解决不了问题。然而事实证明——并非如此。
2020-07-07 13:57:04,4,中规中矩吧
2021-01-15 17:05:50,3,拍得真挚且稳妥，最后还靠“黑人的梦也是梦”升华了主题，小燃了一把。那个时代，门口擦皮鞋就可以学会估值投资，三个月恶补捯饬一下就能当行长，没有反洗钱与员工管理，看起来真是金融机构的淘金岁月，一片喜气祥和。
2020-03-29 22:42:16,3,"好wu学liao如我看完后特地把案子挖出来读了一遍 ➡️Garrett v. United States, 396 F.2d 489 (5th Cir. 1968)."
2021-12-07 21:32:11,4,稍显平淡，但到后面还是为了这种为了理想孤注一掷的人心潮澎拜了一把！
2020-12-24 00:20:16,4,#2020SIFF#本届上影节最主旋律一部了，好像也是唯一一部本世纪美国片？放在一堆欧洲片中真是有点格格不入。大概就是金融行业版的《绿皮书》吧，政治无比正确的传记片（但这不是问题），扎实又有专业性（顺便还能学点金融基础知识！），看着还是很燃的（虽然燃点都全然可预期）。最后结尾说起来是反主旋律，因为带领抗争的主角在当时其实是失败了，但是这种反思和批判本身也是主旋律的一部分。关于弱势群体为平权而抗争的作品，看多少我都不会觉得反感。最后知道是真人真事改编时，还是又大大触动了一下，因为整个故事留下最深刻印象的就是主角从头到尾的人格魅力。向人类历史上斗争过的那些伟大的人致敬。
2020-04-17 09:50:30,3,题材还挺好的，但拍得好一般啊
2021-11-27 23:22:20,4,事件是很吸引人很精彩的，可惜拍的太平铺直叙了，缺乏冲突性，对人物刻画也有点单薄，到最后就是“所有的锅都怪那个坏白人”。
2020-06-15 11:38:47,2,要是能把穷人的感觉做出来，那才真是好一些，现在看就是两波资本家对线而已，出生的时候带的皮肤不一样。
2021-11-29 10:40:26,3,主题到技法都很工业化
2021-12-04 23:25:25,4,关于种族平权的故事，真实事件改编总能给这种电影赋予力量。内核与《绿皮书》有几分相似，1960s的黑人不仅能成为钢琴家，也可以成为银行家。表演和剧本都在水准线上，但处理的过于工整平稳了。
2020-12-24 16:12:44,3,逆權庄家。AppleTV+真正意义上的首部原创电影，有着一种难以想象的稳妥和保守。将一个包裹了民权运动、不平等体系和“隐藏历史”的故事用非常平铺直叙的方式还原了，也交给了两名不错的演员重新书写了这两位独属于“侠义”银行家的经历和不可磨灭的贡献。
2021-01-22 02:48:01,5,看哭
2021-12-03 00:56:23,5,2 Dec 2021。笑死我了Samuel jackson 只要開口就是金句就想笑 全程無尿點 儘管後來猜到小白臉肯定會幹蠢事不可能那麼順暢 但還是不失為電影院之夜的好電影 久違的海岸保利呀。
2021-12-03 23:59:55,3,前面还有模有样的，后面突然逆权有点生硬，以及插进来的女权太突兀了。想起来听的反派“不要把现在的价值观强行加到几十年前来输出”@上海影城cinity
2020-04-12 17:47:47,4,故事不错 叙事方式有点陈旧 但确实呈现了一个好故事
2020-03-23 21:29:55,3,政治正确
2021-11-20 19:10:22,4,成熟的电影工业下制造出的那类商业片——节奏一流，听男主嘚吧嘚二十分钟公式概率也不会烦；人物饱满，合伙人乔、白人模仿者马特、黑人妻子各有高光点。可以打个九十分，差了那么一点点打动我的地方。
2021-11-21 17:51:54,4,勤劳致富的典型案例，商业电影的典型案例，个体和体制斗争太难了~种族歧视怎么诞生的，值得看书了解一下。
2021-01-10 15:15:41,4,演员的魅力为这部片加分不少
2021-11-26 16:08:29,4,现实中的爽文总是很有冲击力
2021-12-19 15:24:22,3,想说的太多，结果都是浅尝辄止，最后变成了流水账。
2021-05-16 20:58:23,5,很棒的故事片，看到最后我很受触动。看多了这种反种族歧视的电影，让我想到虽说在中国并不存在太多种族歧视的问题，但我发现黄种人也并不乏大量无意识的种族歧视。理由为黑人看着就不舒服、黑人感觉像低智的体力劳动者等等如是。我在想社会真正的自由，应当是不因任何人的外表而轻易下结论，应当是不给一个种族打上标签，更应该是不对这种行为表示漠视。任何种族没有贵贱之分，如果不想让白种人对亚裔人群产生偏见，那么同时我们也不应当对有色人种抱有成见。这种由己及人的想法我认为应当人皆有之，可现实却是去之甚远。
2020-03-27 02:45:01,3,做生意必看
2021-12-13 16:08:29,3,3.5 尼子为啥老演这种憋屈的角色。。。
2021-12-01 21:33:02,3,起码好过绿皮书
2021-11-26 19:12:33,3,一切都太简单太容易了，不知是想表达黑人的聪明还是显示白人的愚蠢和奸诈。整体比三分高一点点，对比绿皮书差很多
2021-11-29 01:27:33,3,3.0。工整到不知道要聊什么。
2021-11-26 10:48:32,4,人人生而平等，事实却是一个谎言。
2020-12-07 15:11:37,5,简洁流畅，一点不托泥带水。情绪表达也是含蓄的，没有一点矫揉造作。节奏也刚刚好。非常喜欢。
2020-12-21 22:02:35,3,〖20201221〗还行吧
2021-12-13 21:15:18,3,题材有点意思，经济领域（地产，银行业）的政治正确故事    就是太像绿皮书等  太四平八稳 政治正确的代价是形式也得正确
2020-04-06 14:53:35,3,黑人的美国梦
2020-03-21 17:20:48,3,稳定输出
2021-12-04 20:52:53,4,和之前看的《国王理查德》一样都是黑人传记题材故事，内核是黑人如何在白人的种族歧视里完成逆袭。作为如今好莱坞的主流政治正确，随着《黑豹》带动的潮流，这样的故事越来越多，而不再像《当幸福来敲门》时期更多讲奋斗和亲情那样单纯。这部片子的卡司足够有诚意，不管是安东尼还是局长或者尼子，平铺直叙的故事里，每个人都用很放松的状态把这个故事讲好了。 当然相比于《国王理查德》，《银行家》更加直接，故事的中段开启的这场关于黑人的社会运动，也把全片最精彩的部分贡献了出来。安东尼在法庭上的宣讲很有煽动力，遗憾的是最终还是双双入狱。
2021-12-20 18:45:48,4,真实事件改编
2021-08-19 15:51:09,3,He had to do it.
2021-02-27 13:43:46,3,讲美国黑人平权的故事。。这样的故事很多啦。。不过这一步比较沉闷哈。。讲得是金融界的故事。。。估计喜欢看的人不会太多。。。电影拍摄的四平八稳啦。。。类似于传记性质了。。。
2021-12-01 21:04:24,4,中间节奏很棒，但是到结尾有些收的太快，不过瘾。
2020-08-25 11:01:16,4,看似是种族问题，其实更多是金融手段的垄断与商业之争的尔虞我诈罢了。无非是打着美国梦而进行的资本剥削，完成自己的利益最大化而已。 比较成功的改编商业剧，尤其在立意点上，没有过多去做主观的种族渲染。
2021-11-28 10:26:07,4,喜欢。
2021-11-27 09:29:21,2,一般化
2021-11-21 15:16:25,4,蛮工整的人物传记片，前半段发家史可谓是爽，做大做强后骨子里“革命家”的基因凸显出来，虽然个人命运遭受挫折，但是终究推动了平权法制的进步。结尾的听证会一段振聋发聩的发言尤其印象深刻，“为什么一定要阻止一个种族的发展？”
2021-05-15 18:26:41,3,毒舌鉴毒团组织的，分手后和他第一次见面，看到一半他有事走了，剧情比较中规中矩，亮点不多
2020-06-01 04:37:05,5,这片子蕴含的力量很难用只言片语来介绍。我只能说，那年的那段岁月，资本并不是一切，自由平等才是每一个黑人内心深处的理想。
2021-11-20 20:02:10,5,Black lives mater  平权运动依旧没有停止，需要每一代人的不懈努力和奋斗，疮疤就是要一再地掀开，一再的令人震惊，政治正确，不能麻木！  不san S 天
2021-11-20 17:45:05,3,很多金融知识和房产知识不了解，但不影响观影，比较中规中矩的传记片，局长很认真地在搞笑。
2020-12-21 13:54:59,3,流水线生产的黑人主题电影
2021-01-15 12:36:05,5,黑人银行家的奋斗历程，不可否认，银行是靠着房地产产业的溢价生存的，一个有精准眼光，专业投资房地产的房屋中介，确实具有成为银行家的潜质。他们作为有色人种的美国梦的实现，不是靠出身，靠的是自身的努力、谨慎、和不屈的信念。最巅峰时，他们拥有177栋房产和2家银行，真是白手起家的典范。
2020-09-08 00:22:52,3,故事很有戏剧性，问题比较大的是收尾处理有些仓促且模糊，可以再drama一些或者格局更大一些，现在整部电影最大的缺憾是主题、格局、调性都卡在中间不上不下，蛮遗憾的。
2021-11-26 23:57:05,5,很好看！作为一个银行从业人员，还要时不时做一些机会平等反种族歧视的合规培训，看了这电影更加觉得有意思。
2021-11-26 12:05:13,4,3.5
2020-07-04 20:47:19,3,两个聪明的黑人想要在种族歧视下实现自己的“美国梦”。人人都该有追求财富的权力，只是在美国当时的社会背景下无法支撑两个黑人日益膨胀的野心，白人不会轻易让出自己的统治领域像金融，科技，医疗等。时至今日，大型的黑人财团依然没有出现，大多数黑人的“美国梦”依然遥遥无期。
2021-12-03 14:31:11,5,很好看的商战+反种族歧视片 真的去他妈的美国梦 以及，看电影复习公财了。。。
2021-11-23 11:25:56,3,德州果然民风彪悍。
2021-11-26 23:26:46,4,美国传记片要是没点儿再创作简直不够正宗
2021-11-20 20:51:53,4,流畅工整的传记电影，各方面都完成得不错。印象比较深的一个情节是男主虽然一直致力于消除黑人歧视，但不自觉地也对女性有了歧视，经他的妻子提醒才察觉到。反观现在，歧视其实到处都有，有形的无形的，主人公是金融天才，他能利用自己的才华改变自己的命运，也尽他所能改变这种现象，但我们不能总是奢求大人物的出现，如何减轻这种不自觉的歧视，留给我们思考吧。
2021-12-02 11:18:29,4,有钱不等于有力
2021-12-03 19:31:04,2,全程快进
2021-08-01 17:31:55,5,帅真是一种让人舒心的精神状态。节奏不够紧凑但为了妮妮我要打十分！
2021-11-21 15:28:33,4,猎鹰和神盾局局长联手在白人称霸的金融世界搅起一番风云，达济天下，银行家化身革命家助力黑人平权运动。黑人遭受的种种不公根源在于白人不愿与之分享资源和财富，这一点放在世界任何种族和国家之间的冲突都成立。主题迎合了好莱坞的政治正确大潮，真人真事改编，算拍得好看的传记片，首尾呼应节奏抓人，值得二刷。相较男主猎鹰和小尼子，男配Samuel Jackson的角色更出彩，贡献了很多幽默桥段。
2020-04-19 19:01:08,4,隐隐约约觉得虎头蛇尾吧。
2021-11-27 21:48:45,3,和绿皮书相比，大幅篇章都在发家史，德州挫折也很平淡，庭审只是喊了个口号。总体比较一般，老婆好赞。有钱就变的还是妮子啊。
2021-11-27 01:20:30,5,尊重
2021-11-20 22:07:47,3,电影很不错，叙事稳稳当当，儿子送给父亲雪茄桥段情感细腻  电影结束后发生的事情也挺有趣😅
2021-12-14 01:52:52,3,中规中矩
2020-03-22 23:00:45,3,安东尼麦凯又好看又有脑不太可信啊
2020-03-21 04:16:02,3,这种题材都快被拍成老美的样板戏了 中规中矩吧
2021-12-02 10:21:25,3,没收177套别墅物业，两家银行充公，搞了房地产搞金融搁到现在以这俩哥们儿的能力妥妥的富豪榜前几......看长篇解析才知道男主一家令人唏嘘啊
2020-04-23 19:59:41,4,有的地方节奏特别好 又是真的拖沓 几次停下来看到底啥时候放完
2021-12-21 18:04:13,3,轰轰烈烈开场，寥寥草草收尾
2021-11-26 14:04:35,4,至少美国是有种族问题这个原罪的:)
2021-11-27 23:45:28,4,反映种族隔离题材的电影，前半段拍的像个爽文，后面遇到一个反派加猪队友，主角们就玩崩了。更适合拍成连续剧
2021-11-29 01:00:55,5,这么多年过去了，在对待种族问题上，今日之美国跟当时之德州其实没什么区别，让人看不到多少希望。即便是如本片两位主角一般的所谓“有色人种”中的佼佼者，成功和耀眼何其短暂，很难不被那股子根深蒂固的顽劣刺得体无完肤。真正的民主，始终只存在于“梦”中，仅余少数无法复制的个案，反复被那些所谓民主人士津津乐道，真要那么好，美国种族问题岂不早就解决了？
2021-11-30 16:10:08,3,寡淡了些
2021-12-04 12:27:56,3,三星半吧。若不是结尾出现原型人物的照片说明改编自真人真事，则可能还会减分。影片前半部分信息点铺陈的很满，各种金融学理论和算术题层出不穷，专业性展现的非常充足，人物和故事方面也四平八稳，但后半段升华到男主为了种族歧视而奋斗的精神后，就超出了他作为一名banker的人设，虽然是真人真事改编，但影片塑造男主角这个人物的方式有点令观众无法共情，走马观花流水席的多场景和人物分散了叙事集中度，导致看完的感觉更像是读了一篇报告文学。
2020-07-30 01:21:46,3,种族平权的题眼，被完成得一板一眼，无惊无喜。
2021-02-18 15:46:17,4,7.5-电影偏向传记性叙述，黑权故事。主角背负歧视和社会固化思维下的励志故事。轻剧情类，较轻松的剧情片。
2021-12-02 23:28:47,5,喜欢这个调性，前半段的商业和后半段的社会公平都是我非常喜欢的type，还有一个点就是不知道为什么我真的很容易和美国社会的故事共情
2021-11-27 13:45:38,4,令人愉悦的消遣片，在沉重的话题上不过于用力，人物也始终轻描淡写、谈笑风生，就连最后演讲一段抖出的怒火也都点到为止，这种侧重技术和任务的处理方式，更像是一部偷盗片。
2021-11-29 01:43:09,3,关于钱和政治，甚至连电影本身的动机，都显得很过时。
2021-11-27 19:40:18,3,印象深刻男主不愿意假扮清洁工时和老婆争吵，说妻子能够接受假扮底层女佣因为她是女人，妻子愤怒地回应这和白人当着面因你肤色而歧视你有什么区别。所以，即便身处不公并致力于改变不公的人，也未必能对他人遭受的其他类型的不公有清晰的视角和同理心。
2021-12-05 18:50:40,3,政治正确的内容+好莱坞式的剧情+脸谱化的人设+不错的演技，神盾局局长看得我有点出戏哈哈，男主和老婆也太像奥巴马夫妻设定了尤其是那个米歇尔式的发型～值得一提的是紧凑的剧情里还能见缝插针，借男主老婆之口迎合了一下女权的价值观，一下子把平权的立意拔高了～不知男主最后法庭上摘下眼镜，是不是暗示他本身并不近视，平时眼镜只是一种精英化的象征？&Q
2021-11-28 05:49:17,4,看在是真实事件改编的份上，4星。电影本身比较平淡，没有特别出彩或者特别垮的地方，演员班子都是漫威里面的？仿佛漫威分剧场。
2021-11-26 16:31:34,3,四平八稳 中规中矩
2020-06-03 04:00:45,4,美国黑人的反抗运动从来都不是无缘无故的。 —George Floyd
2020-07-25 18:36:55,3,@SIFF2020。两个黑人的发家史，based on a true story，但拍得比较平庸，不够出彩，平铺直叙的方式有点无聊。
2021-11-30 12:51:26,4,银行业去房地产真的很难啊！
2021-12-08 23:47:21,3,前半段像是黑白版《窈窕淑女》，结尾好仓促，像是突然按了快进键。
2021-12-01 22:14:05,5,致敬伯纳德和乔，银行家，革命者，伯纳德那伟大的老婆和马修那虚荣无知的老婆形成鲜明的对比。比绿皮书优秀得多的故事。
2021-12-01 00:36:41,4,一个黑人理想主义者的失败。作为一部BLM与#me too时代的电影，本片小心地游走在种族议题与女性议题之间，相较于《绿皮书》的油滑，我欣赏他的谨慎与反高潮。上世纪五六十年代，男主想要在白人至上的德州，通过改善黑人的经济条件，来提升黑人的社会地位，却最终受困于白人的围剿。尼古拉斯霍尔特这个白男角色的存在提醒我们，在面对弱势群体时，永远不要洋洋得意，以为我们已经做得够好了。暴力因子也许永恒伴随着人类，不断寻找猎物下手，而猎物可能是黑人，可能是女性，可能是跨性别者。
2021-12-04 20:43:26,5,追求平权的路上总有先驱的牺牲换来进步。
2021-12-04 23:17:40,1,能把剧本整得这么烂真不是正常人能做到的事，现在去八一厂都逮不出来这种天才了
2020-04-23 23:04:04,2,有点腻了
2021-12-09 23:02:23,4,Hoult的颜我可以。绿皮书姊妹篇。
2021-11-26 23:33:44,4,又一部非常工整的掌握流量密码的好莱坞电影
2020-03-29 03:35:19,3,虎头蛇尾，也许是期待高了。
2021-11-21 13:21:12,3,故事还是比较戏剧性的，艰难创业成了“瞒天骗局”，种族平等任重道远，但就传记片本身而言太过工整了。#11.20点映
2021-12-03 23:25:42,3,演技很不错，但剧本实在弱，也许传记类的发挥空间会有局限吧。
2021-11-27 20:20:34,5,挺不错的，有些励志
2020-07-28 14:40:17,3,siff天山
2020-03-24 00:32:15,4,真实事件改编，讲好美国故事
2021-01-14 21:40:14,4,★★★☆
2021-07-29 00:26:35,4,以为是黑人开挂逆袭白人的爽片，结果居然超出意料的克制表演与冷静叙事。
2021-12-05 22:25:20,3,过于政治正确的拍摄视角，组成了一篇浮于表面的人物传记。不过能从擦鞋童自学成为银行家，又在不经意间推动了历史，本身已经足够传奇。
2020-04-02 10:54:13,4,编剧不错，真就是一波刚平另一波又起的节奏，很紧凑的感觉，值得学习编剧技巧的范本电影。
2021-11-29 23:38:34,m,LUXE巨幕厅《银行家》（The Bank）在美国🇺🇸黑人民权运动背景下的金融题材传记片。对于经济领域的故事背景，进行“盗匪片”的类型化编排，用种族平权与女性平权的大环境，为“骗局”设置了“盗亦有道”的前提，前期成功的“爽”感，与两男主锒铛入狱的结局，跳脱出“黑人励志片”传统套路，较于《绿皮书》的“黑白合家欢”，也呈现出更多种族对立，根深蒂固的残酷性。其中涉及房地产、金融与听证会政治，极其复杂的专业知识，拖慢了影片后半段的节奏，也消弭了高潮部分反转，人物情感的力量。三位漫威性格演员都贡献了精彩的个人表演，也不失为一部教科书式的金融商战片。
2021-11-28 00:19:36,3,勉强7星 里面的确含有对平权的呼唤与强意识的控诉（对于种族、阶级、性别的都有），其价值也不言而喻值得肯定，但是明明是这么一个有张力的故事，整体看下来并没有感受到多少控诉的张力和价值，大概是电影时长并不足以撑起这么一个powerful and brave story
2020-06-18 15:05:52,5,很好看啊！能够推动时代变革的人总是有着异于常人的智慧、勇气和信念。我看到他们财产被政府没收的时候我还巨生气，然而镜头一转他俩笑盈盈出狱了，一起再东山再起。太潇洒了。
2020-12-30 18:40:36,4,7.9  工整。很稳，很正，很保守。  演员选得很出彩。
2021-12-13 02:10:16,4,Samuel L. Jackson is a national treasure.
2021-12-03 16:03:00,3,7/10
2021-11-26 23:38:12,3,套了个种族壳的发家爽文
2021-11-27 09:14:08,3,真实事件人物改编，比在美国上映晚了一年半时间才引进，中间经过弗洛伊德事件、黑命贵运动、打砸抢零元购，现在看也是有几分唏嘘，不必都拿政治正确说事，不过也不能否认这部片子有叠BUFF的成分，故事背景很像《绿皮书》那样对种族隔离与歧视的控诉，只是缺点平衡性，两位主角的阶级仇民族恨和充满正义的黑人帮黑人按下不表，绝大多数的白人角色要么懦弱鲁莽，刚愎自用，要么阴险狡诈、唯利是图、要么傲慢自大、不择手段，人物的刻画太脸谱了一些，而且在关键情节乃至结局的处理上都有些草率，马特从白目到天才的转变显得很突兀，而结局又沦为拉PPT甚至WORD文档的快进方式，在叙事节奏的处理上很不圆润。
2021-11-27 16:29:35,4,种族歧视里夹了一点性别歧视。既得利益者是很难觉得自己受之有愧的
2021-11-28 22:44:04,2,就很一般吧。和隐藏人物差远了。
2020-09-28 22:57:38,3,28/9/2020 @ MM Cityplaza。平權主題但不會停留在口號式創作值得一贊，只是結尾略嫌太趕急。
2021-02-08 21:28:32,4,自甘为奴的人，上帝也救不了他们
2020-04-13 23:03:14,4,7.5，好看，尤其是前面一路奋斗劲头足的时候非常精彩。后面太可惜了...怕什么来什么，感觉要不靠谱没想到最后结果这么严重...经历过大起大落的人生，也着实佩服他们。经过那样的打击我觉得很多人真的会崩溃，反正我看着觉得太可惜了。两位硬刚的选择真的需要勇气，而明显他们也确实带来了一些改变。其实真的好希望他们一直顺风顺水没被坑，想看看那样的结局
2021-11-30 20:26:37,4,美国版《我不是药神》。最初，他只想赚钱；后来，他竟然想做一个革命家。
2020-07-24 23:16:20,5,主角作为一个黑人在遭受白人歧视的同时，却作为一个男人在歧视着身为女人的妻子。等到妻子点破这一点时，主角如醍醐灌顶
2021-12-15 15:14:26,4,可惜到最后不公平也没有被纠正
2021-11-29 11:35:34,3,德州果然武德充沛
2020-07-30 00:03:03,4,天时地利人和都不具备，硬收购德州大陆银行，只为黑人情怀，很不明智。 对于能力欠缺的白人同伴，过度信任，以及没有做好透明思维，导致其接连做出愚蠢的决定。 抛开种族歧视元素，这些创业者凭能力赚来的钱最终又因为认知的问题而输了。
2021-11-23 00:43:35,3,讲真，作为一个看全了MCU到目前为止25部作品的人【北美已上映，但暂时找不到资源的除外】，一开始看到“局长”和“猎鹰”，还是多少有些串戏的……不过，后续就还好。美国复杂的金融业相关知识，在观影过程中，是无法get的，还需要对着资源一点一点查，当然，查到了，基本也看不懂……不过，这些知识欠缺，并不影响观影体验，对人性的理解是通用。萨缪尔·L·杰克逊真是成妖了要，对人物的拿捏，如此举重若轻，游刃有余，看他演戏真是种享受。黑人的权益是争取来的，希望亚裔也有这样一天……
2021-11-20 16:32:12,4,一部说明白人有多傻逼的电影，为政治正确买单，支持黑命贵。
2020-09-16 11:29:12,3,达则兼济天下 穷则独善其身 结尾太潦草 扣一星
2021-11-26 21:21:51,4,这小狗狗调教有方，好人必有好报[鲜花]
2021-01-07 23:31:00,3,还行。已经对这方面的电影疲惫了，虽然blm还在进行时。
2021-11-26 23:20:09,4,扎实有力，拍得很有趣味性，马特在银行被审查员查帐那段很好地把紧张感传达给我了。影迷总在抱怨好莱坞不拍新东西，可是真的拍一部新题材却没人捧场🤷‍♀️
2021-12-19 19:01:11,3,差《绿皮书》太多了，前面前奏拿捏很稳，后半部分转成平权片就开始垮掉。
2020-04-02 13:28:22,3,生意描述得太简单了
2021-11-27 20:32:50,4,mind-refreshing for me（看完后恰好听了财商教育和金钱观的播客（体检完自己在电影院睡着了
2021-12-09 21:47:43,3,对于大家都觉得处理得很弱鸡的法庭戏，我反倒挺赞成这样简单粗暴的盖棺定论，比起激昂慷慨的陈辞“撼动”白人至上主义，直接给判刑入狱，否定你一切的努力，这不来得更真实？
2021-11-27 18:12:56,3,7|白人男主沦为工具人，搞笑黑人笑声真魔性。论结构论真实事件改编，真的不如《我不是药神》。
2020-07-26 11:43:40,3,#SIFF2020# 妥帖的好莱坞流水线产品，前面花一小时铺垫主角们在洛杉矶的成功实在是太长了，真正上法庭呐喊的戏一分钟，轻浮缺乏力量。片尾曲一秒把我带到《人间的证明》（一个没想到。。。
2021-11-28 21:02:33,3,6/10 数学、金融、经济、种族、政治。本以为是商业竞争类的爽片，然后就丧起来了，突然又燃起来了，到最后其实还是革命鲜有成效的传记爽片。
2021-06-27 10:48:24,3,非常普通的一部电影。现在的豆瓣，只要是同性、黑命贵，天生多一星，无奈。
2021-12-01 04:50:17,4,工整、好看
2020-04-22 23:12:39,5,"能把American Dream和追求平权融合得好的片子真的不多 两位主人公自始自终怀着信念 使每一次“较量”都精彩纷呈 这个世界最怕的不是别人的闲言碎语 而是自己看低自己 就像抖森说的 Protect your talent with everything you have, because all those people who think they know who you are didn't do the work and they don't know. Have the faith in yourself!"
2020-03-23 18:55:14,4,中规中矩节奏感不错，看起来比较轻松流畅
2020-03-23 11:13:58,3,越到后面越无力
2021-07-18 01:02:52,4,三个漫威超级英雄演员主演的一个真实事件改编电影
2021-11-27 17:42:51,4,人生不过起起落落。如果周围的人都让你慎重做决定。你要小心，可能那件事不容易做。但是塞翁失马焉知非福。如果没有行动，就不会有改革及发展。
2021-04-24 01:40:33,3,三星半，女主选角真的减半星
2020-07-29 12:37:18,4,同是美国黑人奋斗鸡汤，这个是「真·先富带动后富」，社会立意上比《幸福来敲门》那种「吃得苦中苦方为人上人」好多了
2020-07-17 05:34:41,4,"家有贤妻,男人不做做横事。"
2021-11-30 20:18:18,3,我赌同样身为社会底层、凭借自身不懈努力的你也能碰到贵人？！
2020-04-04 20:21:58,3,虽然对金融不太懂但是挺牛逼的 麦修太自满了还是不够成熟 （7/10）
2020-04-02 00:30:58,4,黑人美国梦的故事，加州十年成功，德州十年失败，互不否定。3.5 ，剧本悬念设置还行。
2021-11-28 00:38:16,4,我可太喜欢黑人双人组对梗了
2021-06-07 15:44:00,4,工整、克制、沉稳。既有历史叙事浮沉起跌的厚重感，也有现实观照体察来路的反思性。
2021-11-28 00:39:24,5,真实故事改编，就已经给传奇的故事增加了分数，多给 1 星。喜欢来自高智商的无可复制的转折与挽救，和来自独立坚强内心的坚韧与重启，智性恋者心水片。
2020-04-04 23:13:53,3,摄影和调色都很棒，故事中规中矩，结尾处理的非常《肖申克的救赎》，没有太多惊喜感；美国黑人的苦难记忆这些年看得有些腻歪了，不是不该讲，是讲的没啥新意。
2021-12-19 14:47:11,5,拍得挺好。黑人群体内部因性别和财富的差异也不能完全理解对方，这个细节也体现出来。包括男主带儿子回老家，遇到一些区分肤色的垃圾桶，这里看着真是太心酸了
2021-11-27 19:46:24,3,《亿万》的低配版
2020-04-19 06:42:32,4,很美国但也很有趣，猎鹰和局长一个严肃一个活泼赚到白人的钱帮助黑人哥们，牛逼！
2021-11-20 19:11:47,4,从一开头就不得不说，确实像绿皮书的姊妹篇，但这是一个讲从底层发家的故事，也是一个对白人社会抗争的故事，黑人想在白人社会成功的困难度是白人的千万倍，做到不仅仅是天赋，更需要勇气与运气。
2021-12-04 23:39:23,3,能感觉出来有基于真实故事的美化成分，但结局垫脚拔高还是勉强了，差口气。发家史部分更好看，节奏轻快，气氛愉悦，塞缪尔杰克逊那个角色真是个妙人。
2020-04-01 09:37:37,3,有点头重脚轻了
2021-11-28 10:00:08,4,每一个企业家其实都是变革者/革命者…… 印象最深的可能是那句“我讨厌白人和黑人 但是当白人犯了错 会有其他人帮忙打掩护 白人总是能全身而退” 就感觉…… 太阳底下无新鲜事…… （🆘我真的在写影评绝对没有抨击时事的意思 不是欲盖弥彰🆘）
2021-12-19 23:35:31,3,最精彩的地方就是买银行所在的大楼那段，后面想从个人上升到种族的层面，可惜视点太过单一，如果能多加入几个不同立场人物的视角，可能会丰富许多，结局也过于仓促，感觉一下就垮下去了
2021-11-21 17:36:02,3,7分。偏见根植在人心中，永远无法彻底消除。本来想的只是赚钱，没想到成了革命者的一份子，可能因为，潜藏在内心中的愤怒永远无法轻易平息。可以抛弃所有，来发声，已经让我觉得非常了不起了。#上海橙天嘉禾影城凯德晶萃店
2021-11-26 22:35:48,3,《银行家》根据真实事件改编，在种族歧视还十分严重的美国南部，两位黑人为了创业投资，却无法走向台前，只得借助白人。无奈最终还是暴露，两人财产大大缩水，并且被判有罪，身陷囹圄。 影片前半部分是讲述个人奋斗创业的励志片，后半部分是反抗种族歧视的平权电影，主题稍显割裂。节奏把控上总感觉差一口气，缺少电影感，无法让人持续入戏。
2021-05-02 23:57:40,3,蛮完整的。
2021-12-04 00:15:59,4,在艰难的时刻做出正确的选择。每一次选择都你对生的意义的一个回答。
2020-10-03 21:12:03,4,不错 1.种族性别歧视 2.人生那么长一步一个脚印踏踏实实走 不要急于求成 否则容易摔跤
2021-12-15 10:39:14,5,黑人爽文！
2020-04-03 22:55:30,4,真实改编，黑人银行。
2020-07-28 15:10:54,3,求稳过头了，所有情节都不让人意外。
2021-11-20 17:01:26,4,相比绿皮书的钢琴家而言，是缺了不少味道。结尾也不完全算得上是大团圆式的happy ending，更像是面对现实时无力又坦然的释怀。
2021-11-22 17:13:26,4,前半部就是小人物逆袭 看着倍儿爽 后半段讲理想讲信仰就变得沉重  最后的小反转给大家留了一些念想
2020-04-01 11:45:08,3,人生只剩下微笑可以做。整部片子有这个金句。
2021-11-28 07:46:30,3,感觉听套路的，也没有特别亮眼的地方
2021-12-04 14:55:14,1,美国主旋律电影。可是套路太老了，真实故事改编的切入点居然能做到这么差。简直拍成了五流俗套励志故事。全程创业难度被弱化，脸谱化的配角。最后简直更是草草收尾不知所云，真正的隐藏主题没有点到。通过黑人的投资创业故事引出上世纪种族歧视史。编剧功底太差，台词不真实，刻意感严重，完全是为了推动剧情编的。背景音乐简直就是剧透。
2021-11-26 14:58:49,4,你不接受我的约见通过秘书将我拒之门外，我直接把你座位所在的土地房产给all in买下来，这可太燃了哈哈哈哈哈
2020-08-02 21:16:18,4,我尼依旧盛世美颜！ 剧情走向和预期完全不一样，一小时二十分之前走向最高峰，随后就慢慢步入危机，不过天才始终是天才呀。
2021-11-27 14:29:19,3,还可以，在大银幕上看可能会加点观影滤镜。尼子在大银幕上帅的我对他重拾旧爱！
2021-12-02 13:33:27,4,还不错
2021-11-28 22:43:02,4,一气呵成～被黑人兄弟情森森的感动了
2021-11-26 14:57:18,3,这部片子，商战不够商战、骗术不够骗术、人权又不够人权，对比同类型的电影，这种差距真的不是一点点，但是它仍然是最近比较不错的院线电影，喜欢西片的朋友依然可以走进影院一看。
2021-11-13 20:44:03,4,还可以，在中间走起来那段以及后面被查处那一段节奏要是快一点的话，观感会过瘾一点。剧情方面算一般当中不错的，有尼子多加一星。
2020-04-08 03:29:13,3,政治正确的情绪，往往让此类电影在营造冲突时候有点敷衍。不过电影很流畅，不难看。
2021-12-01 22:36:23,4,剧情是振奋人心满腔热血的，但…白人小哥的工具作用也着实有点明显了…
2021-12-16 18:15:19,4,认清这个不公平的社会 又不认命 翻身农奴把歌唱啊 两大事件 节奏舒服
2021-11-27 23:45:59,4,艺术性完成的挺高的。
2021-12-05 16:34:42,3,看简介是个令人激动的故事，没想到拍的如此平稳
2021-01-31 18:11:14,4,7.5/10 结局并没有太亮眼
2021-12-15 18:56:16,4,媳妇不错
2021-12-12 16:03:23,3,上一部这样的电影貌似是绿皮书吧？但是这部戏最过分的就是，搞搞搞，搞到后期一无所有(𖦹.𖦹)这就很过分
2021-11-28 18:31:13,3,3.5，比我想的要好看，后半部分比前半部分好看。尼子演这种白痴白男太适合了吧，中途看得我无数次想暴打他。这部电影最奇怪的地方就是在高潮部分戛然而止，而前面无意义的铺垫又太多，节奏把握得不太好，但总体四平八稳，跟导演对待种族问题的保守态度一模一样。
2021-11-27 17:35:57,2,政治正确的电影。 没有什么出彩的地方。 美国人的数学，你一个月能教会？
2021-04-29 00:41:20,4,摄影和色调都对味
2020-04-16 21:20:05,3,美国梦系列。
2020-03-29 03:48:21,4,就是结尾有点草草了事的感觉。
2021-11-29 23:19:33,4,伯纳德的妻子总能感动到我 有一个这样的伴侣不止幸福这么简单
2021-11-30 22:39:33,3,新时代的美式主旋律，刻画了一名黑人企业家化身变革者的历程，失败归于历史、意义留在今天，整体中规中矩，缺乏新意。
2020-08-30 10:58:14,4,写在法律上的条文是一回事，要打破真正的不公，消除偏见仍需要更多努力。
2021-11-26 23:55:47,4,前面都很好，但是结尾感觉有点浅了，仓促了。
2021-04-17 22:42:11,4,更像是纪录片而不是电影，缺少故事的起承转合。
2020-06-03 14:41:35,2,稳妥、冗长、平铺直叙。。这应该是我看过的黑人最多的电影了 XD 小尼肉眼可见地在变老，o(╥﹏╥)o 表演还是很不错的，节奏太差了 上下部分根本脱节
2021-12-05 15:07:12,4,就…还挺硬核的，本金融白痴目瞪口呆，合同猫腻那里会心一笑：啊是法师惯用伎俩（x
2020-04-15 14:34:12,3,靠自己本事在逆境里成功，人就容易飘，飘了就自以为救世主，可以对抗体制，下场就是楼起楼塌。1960s 搞民权填裂缝，历史直到 1980s 才平稳。
2020-07-26 11:13:34,4,“桥段电影” 情节表现人物还是蛮多巧思 但很难用相对稳定的视角去呈现 就跳来跳去的 是一种稚嫩的好看
2021-11-28 12:27:56,4,会计大电影
2021-11-22 13:34:57,4,从地产银行角度来讲美国种族问题，算是美国主旋律片。成熟的美国商业剧本结构，四平八稳，有代入感。结尾有些局促了。
2021-02-02 19:22:50,3,电影还算可圈可点，眼镜这个小桥段格外不错。在全世界倒车的现况之下反种族歧视反性别歧视政治正确的电影多多益善。就是个人真的很不喜欢这几个mcu男演员，演技素质双差，却在大银屏上演起了正直端方的君子，哈哈！
2021-11-29 22:37:58,4,论好媳妇的重要性
2021-12-08 18:03:30,4,值得用一个宁静的晚上刷的电影。如果能走进剧院就更棒了。看过才能明白为啥美国整个社会是各个种族之间割裂的，作为一个移民国家他们没有上千年文明的融合，有的只是表面上看似和谐的政治正确，汹涌的暗流迟早会冲破脆弱的冰面。
2020-12-27 14:25:01,4,7/10
2020-08-16 23:59:21,4,前半真好看啊
2021-12-15 14:38:08,3,就挺符合现在主旋律的 Joe的角色演绎的不错，其他的就挺凡尔赛挺政治正确的
2021-11-27 23:05:45,4,没能等到一个扬眉吐气的结局，但现实或许正是这样，改变总是姗姗来迟。但无论如何，那些走在最前面的人都不会被遗忘。
2020-05-21 08:55:46,5,感谢所有为历史作出伟大贡献的人们
2020-03-22 17:13:52,2,关于黑人银行家这件事。我觉得如果像你的标题一样强调银行家，会比探讨黑白人种引来更多的关注和尊敬。
2020-03-20 23:49:23,4,岁数大了，今天才看了7个电影精神已经涣散了，前半个小时基本没进入故事，不过这个片子节奏还是很不错的，故事也比较吸引人，慢慢进入剧情感觉还挺好。局长+猎鹰+x战警野兽那真是无往不胜的节奏，这哪里是黑人的平权电影，分明是超级英雄联手欺负白人，结局还挺感动的！
2021-11-29 15:36:49,5,智慧和品格在时光中熠熠生辉的变革者和领导者。
2021-01-31 20:21:32,m,当然是原谅他
2021-11-26 19:49:39,4,人一有钱想法就不一样了
2021-11-28 22:36:42,4,评分低，大约是因为连最后的法庭出审都没有特别激动人心吧！故事虽然具有历史意义，但也无特别之处，有点平淡吧～但是！我还是要给出四星好评，为了信任和友情，还有爵士乐～哈哈，忽然明白为啥黑人能有爵士了，那么受“压榨”，也只能去找些快乐了～另，男主的老婆太好了叭，一开始还觉得她配不上男主，有点老胖，最后才知道她真是美丽又高贵٩(˃̶͈̀௰˂̶͈́)و
2020-03-22 22:49:16,4,节奏流畅，故事也还算有趣，可惜命题太大了，又是根据真实事件改编，有一定的发挥限制。努力突破命运的桎梏，对抗种族歧视，只有他们两个人拼了命，似乎声音还算有些微弱。
2021-11-28 20:34:52,4,BLM!
2021-01-01 21:00:56,3,再宣扬种族平权，也不能破了“美国梦”的基本盘。真人故事改编，常规流水账。
2021-11-28 21:48:31,4,种族的问题和“美国梦”的实现融合在一起，又是一个比较典型的奋斗-被打压-反抗-推动历史变革的“历史记录”类型剧情片。两位主演都是扎实的演技派，一个极度自信，一个老油条一根，搭配起来就能大闹红脖子老巢！
2021-04-09 23:25:37,3,6.5，普通吧，没啥表达，就是单纯讲完了和故事，演员表演也没什么出彩的。
2020-03-28 10:23:13,2,真的拍得蛮无聊
2021-12-07 20:11:20,3,终归是逃不出种族困境，那是把深深插在历史长河中的剑，拔不出也挪不动。金融外衣，种族肉体，最值得品味的台词：“他平时本来就不戴眼镜”。相比较来说，私以为《绿皮书》还是更胜一筹。
2020-04-07 17:34:29,3,依据真人真事改编而来。黑人在绿皮书那个年代想创业或者想搞出点名堂确实太不易了。但我知道成功向来青睐破釜沉舟者。所谓逼的没有退路了，那也就只能有前路了。本片对于安东尼·麦凯来说很重要。因猎鹰而成名，但同时也是个枷锁。演员一旦被定型，想再转型就难了。 而塞缪尔·杰克逊正好是一个好榜样。
2020-04-23 14:39:06,2,说basic都是夸这片。原型一出来，嗯这帮人真会给自己脸上贴金
2021-12-10 21:06:57,4,欲速则不达
2021-12-13 21:48:35,4,肤浅的人才会想着欺压和打击  强者永远运用智慧 取得一次又一次的胜利
2021-04-26 15:49:47,4,略说教，其他都还行。
2021-12-06 21:39:04,4,用诙谐的方式讲了一个悲伤的故事：尽管Bernard和Joe在加州通过房地产获得了成功，但在保守的德州依然栽了跟头；德州的失败有Matt不够成熟被Florance设计陷害的原因，但更多的是整个社会不希望黑人翻身。Bernard Garrett的夫人虽然长得磕碜了点，但确实称得上是贤内助，一直坚定地支持着丈夫，不管贫穷或者富有；Matt心地还是善良的，尽管出庭说是被Bernard二人控制撇清了关系但也帮他们留下了部分房产；Bernard一直维护自己的体面不愿意假扮佣人，但最后还是妥协了，妻子的一番话让他明白自己内心深处也有歧视（性别歧视）；影片整体氛围还是轻松的，最后半个小时两大银行被查封有点突兀，结尾有点草率了；最好玩最温馨的一段是Bernard与Joe二人教Matt假扮上流的房产投资商：Joe教高尔夫，Bernard教数学与投资基本概念，让我感觉是在看《绿皮书》~
2020-04-03 20:07:50,3,看片的时候心里就有这种感觉，没想到去网上看评论大家的感受如出一辙——这片子让我对种族主义题材腻味了。并非它拍得不好，而是它太过于工整了。剧本扎实，表演上佳，该有的东西都有，偏偏没有惊喜。在类似题材里，我们经历过感动、鼓舞、愤怒、绝望、励志、欣喜、痛苦、悲伤……而在这部四平八稳的片子里，不为所动。这可能意味着艺术在这个大主题里能做的事情已经很少了，让现实世界再多做一些吧。
2020-05-05 10:53:14,4,很多数字看不明白。。哈哈，其实还是黑人抗争的电影。
2021-12-02 23:00:58,4,意外的好看，两位黑人主角的对手戏很精彩。电影中段买买买的段落，把一个复杂的经济行为拍得干净利落，简单易懂。最妙的是黑人用文明礼仪教育白人，最大的亮点。
2021-11-29 00:28:43,5,四平八稳非常工整的一部真实故事改编的传记，编剧与演员都很出彩，导演善于运用镜头来表述内容，虽然很冷门，但还是可以看看，摄影与配乐也很出彩，有冲奥的潜力。
2021-02-24 12:05:39,4,我看到的不是黑与白，而是强者与弱者的资源不对等
2021-12-21 00:56:02,3,阿毛已经可以担起主角的重任了，局长持续稳定发挥，尼子这张帅气的无辜脸可以让我无条件原谅他。前半部分的混剪成长线和第一次谈判着实让人眼前一亮，但后半部分急转直下，最终转向草草收尾。肤色啊，偏见啊。
